<?xml version="1.0" encoding="UTF-8"?>
<!DOCTYPE hibernate-configuration PUBLIC
		"-//Hibernate/Hibernate Configuration DTD 3.0//EN"
		"http://www.hibernate.org/dtd/hibernate-configuration-3.0.dtd">
<hibernate-configuration>
    <session-factory name="Demo1">
        <property name="hibernate.connection.driver_class">com.mysql.jdbc.Driver</property>
        <property name="hibernate.connection.password">993205@Kt</property>
        <property name="hibernate.connection.url">jdbc:mysql://localhost:3306/ba</property>
        <property name="hibernate.connection.username">root</property>
        <property name="hibernate.dialect">org.hibernate.dialect.MySQL8Dialect</property>
    	<property name="hbm2ddl.auto">update</property>
    	<property name="show_sql">true</property>
    	<mapping class="Product"/>
    	<mapping class="Prac.Student.Student"/>
    	
		    		
    
    
    </session-factory>
</hibernate-configuration>
